index, x, y, layer, weight, rho, delta, nh, isSeed, clusterId
0, -51.860, -64.090, 0, 1.000, 3.000, 1.84e+19, -1, 0, -1
1, 171.870, -154.070, 0, 1.000, 0.000,     0, 0, 0, 0
2, -108.290, 15.320, 0, 1.000, 0.000,     0, 0, 0, 0
3, 175.750, -161.110, 0, 1.000, 0.000,     0, 0, 0, 0
4, -111.260, 129.910, 0, 1.000, 0.000,     0, 0, 0, 0
5, 165.020, -115.510, 0, 1.000, 0.000,     0, 0, 0, 0
6, -53.660, 61.400, 0, 1.000, 0.000,     0, 0, 0, 0
7, -139.170, 188.110, 0, 1.000, 0.000,     0, 0, 0, 0
8, -110.050, 32.220, 0, 1.000, 0.000,     0, 0, 0, 0
9, 175.940, -159.840, 0, 1.000, 0.000,     0, 0, 0, 0
10, -103.800, 13.960, 0, 1.000, 0.000,     0, 0, 0, 0
11, 181.010, -188.690, 0, 1.000, 0.000,     0, 0, 0, 0
12, -101.710, 22.500, 0, 1.000, 0.000,     0, 0, 0, 0
13, -116.160, 127.680, 0, 1.000, 0.000,     0, 0, 0, 0
14, -79.170, 88.970, 0, 1.000, 0.000,     0, 0, 0, 0
15, -16.930, 21.150, 0, 1.000, 0.000,     0, 0, 0, 0
16, -65.610, -69.200, 0, 1.000, 0.000,     0, 0, 0, 0
17, 76.040, -9.570, 0, 1.000, 0.000,     0, 0, 0, 0
18, -100.320, 12.870, 0, 1.000, 0.000,     0, 0, 0, 0
19, 168.810, -122.360, 0, 1.000, 0.000,     0, 0, 0, 0
20, -37.490, 61.720, 0, 1.000, 0.000,     0, 0, 0, 0
21, -78.550, 91.430, 0, 1.000, 0.000,     0, 0, 0, 0
22, -111.720, 159.340, 0, 1.000, 0.000,     0, 0, 0, 0
23, 106.520, -85.720, 0, 1.000, 0.000,     0, 0, 0, 0
24, -92.020, 106.330, 0, 1.000, 0.000,     0, 0, 0, 0
25, -110.990, 0.480, 0, 1.000, 0.000,     0, 0, 0, 0
26, 167.880, -132.260, 0, 1.000, 0.000,     0, 0, 0, 0
27, -63.530, -55.650, 0, 1.000, 0.000,     0, 0, 0, 0
28, -97.340, 132.280, 0, 1.000, 0.000,     0, 0, 0, 0
29, 219.790, -213.650, 0, 1.000, 0.000,     0, 0, 0, 0
30, -28.960, -3.640, 0, 1.000, 0.000,     0, 0, 0, 0
31, 84.570, -47.620, 0, 1.000, 0.000,     0, 0, 0, 0
32, -103.570, 36.510, 0, 1.000, 0.000,     0, 0, 0, 0
33, -24.900, 18.550, 0, 1.000, 0.000,     0, 0, 0, 0
34, 175.830, -140.580, 0, 1.000, 0.000,     0, 0, 0, 0
35, 154.070, -122.770, 0, 1.000, 0.000,     0, 0, 0, 0
36, -140.310, 48.160, 0, 1.000, 0.000,     0, 0, 0, 0
37, 190.810, -166.440, 0, 1.000, 0.000,     0, 0, 0, 0
38, -4.190, 16.840, 0, 1.000, 0.000,     0, 0, 0, 0
39, -94.040, -13.050, 0, 1.000, 0.000,     0, 0, 0, 0
40, 95.240, -58.560, 0, 1.000, 0.000,     0, 0, 0, 0
41, -53.800, 51.740, 0, 1.000, 0.000,     0, 0, 0, 0
42, 187.090, -158.930, 0, 1.000, 0.000,     0, 0, 0, 0
43, 127.220, -77.220, 0, 1.000, 0.000,     0, 0, 0, 0
44, 186.610, -172.350, 0, 1.000, 0.000,     0, 0, 0, 0
45, -101.160, 131.100, 0, 1.000, 0.000,     0, 0, 0, 0
46, -72.950, 83.150, 0, 1.000, 0.000,     0, 0, 0, 0
47, -97.060, -5.180, 0, 1.000, 0.000,     0, 0, 0, 0
48, -161.150, 104.190, 0, 1.000, 0.000,     0, 0, 0, 0
49, -10.020, 9.480, 0, 1.000, 0.000,     0, 0, 0, 0
50, -126.790, 62.310, 0, 1.000, 0.000,     0, 0, 0, 0
51, -43.890, -59.220, 0, 1.000, 0.000,     0, 0, 0, 0
52, -98.460, -5.840, 0, 1.000, 0.000,     0, 0, 0, 0
53, -73.140, -15.790, 0, 1.000, 0.000,     0, 0, 0, 0
54, 160.670, -86.580, 0, 1.000, 0.000,     0, 0, 0, 0
55, -55.900, -57.920, 0, 1.000, 0.000,     0, 0, 0, 0
56, -96.790, 15.950, 0, 1.000, 0.000,     0, 0, 0, 0
57, 25.750, 34.990, 0, 1.000, 0.000,     0, 0, 0, 0
58, -160.730, 101.170, 0, 1.000, 0.000,     0, 0, 0, 0
59, -82.120, 112.960, 0, 1.000, 0.000,     0, 0, 0, 0
60, 183.960, -153.180, 0, 1.000, 0.000,     0, 0, 0, 0
61, -44.710, 71.940, 0, 1.000, 0.000,     0, 0, 0, 0
62, -59.660, 92.900, 0, 1.000, 0.000,     0, 0, 0, 0
63, -60.870, 94.890, 0, 1.000, 0.000,     0, 0, 0, 0
64, -97.490, 2.790, 0, 1.000, 0.000,     0, 0, 0, 0
65, -18.160, 29.480, 0, 1.000, 0.000,     0, 0, 0, 0
66, -43.310, -56.360, 0, 1.000, 0.000,     0, 0, 0, 0
67, -49.270, 74.550, 0, 1.000, 0.000,     0, 0, 0, 0
68, 166.780, -105.160, 0, 1.000, 0.000,     0, 0, 0, 0
69, -76.400, 114.460, 0, 1.000, 0.000,     0, 0, 0, 0
70, -85.100, 126.030, 0, 1.000, 0.000,     0, 0, 0, 0
71, 131.020, -77.860, 0, 1.000, 0.000,     0, 0, 0, 0
72, -74.890, -41.020, 0, 1.000, 0.000,     0, 0, 0, 0
73, -72.810, 116.090, 0, 1.000, 0.000,     0, 0, 0, 0
74, -1.310, 17.280, 0, 1.000, 0.000,     0, 0, 0, 0
75, -108.140, 40.380, 0, 1.000, 0.000,     0, 0, 0, 0
76, 167.100, -125.660, 0, 1.000, 0.000,     0, 0, 0, 0
77, -139.620, 40.720, 0, 1.000, 0.000,     0, 0, 0, 0
78, -87.890, 103.520, 0, 1.000, 0.000,     0, 0, 0, 0
79, -93.730, 125.530, 0, 1.000, 0.000,     0, 0, 0, 0
80, 116.970, -82.760, 0, 1.000, 0.000,     0, 0, 0, 0
81, -103.690, 36.700, 0, 1.000, 0.000,     0, 0, 0, 0
82, -34.760, 51.540, 0, 1.000, 0.000,     0, 0, 0, 0
83, -157.480, 102.050, 0, 1.000, 0.000,     0, 0, 0, 0
84, -76.090, 130.530, 0, 1.000, 0.000,     0, 0, 0, 0
85, -124.540, 47.150, 0, 1.000, 0.000,     0, 0, 0, 0
86, -122.470, 148.290, 0, 1.000, 0.000,     0, 0, 0, 0
87, -16.910, 25.950, 0, 1.000, 0.000,     0, 0, 0, 0
88, 14.110, -3.900, 0, 1.000, 0.000,     0, 0, 0, 0
89, -77.910, 132.600, 0, 1.000, 0.000,     0, 0, 0, 0
90, -104.540, 26.510, 0, 1.000, 0.000,     0, 0, 0, 0
91, -128.340, 51.190, 0, 1.000, 0.000,     0, 0, 0, 0
92, -87.810, -35.030, 0, 1.000, 0.000,     0, 0, 0, 0
93, -97.020, 24.480, 0, 1.000, 0.000,     0, 0, 0, 0
94, -61.970, 62.990, 0, 1.000, 0.000,     0, 0, 0, 0
95, -124.680, 45.170, 0, 1.000, 0.000,     0, 0, 0, 0
96, -74.240, -36.150, 0, 1.000, 0.000,     0, 0, 0, 0
97, -46.190, -55.460, 0, 1.000, 0.000,     0, 0, 0, 0
98, -36.850, -79.690, 0, 1.000, 0.000,     0, 0, 0, 0
99, 169.160, -143.030, 0, 1.000, 0.000,     0, 0, 0, 0
100, 228.740, -219.730, 0, 1.000, 0.000,     0, 0, 0, 0
101, 185.290, -149.620, 0, 1.000, 0.000,     0, 0, 0, 0
102, -68.050, 122.340, 0, 1.000, 0.000,     0, 0, 0, 0
103, -59.420, 71.080, 0, 1.000, 0.000,     0, 0, 0, 0
104, -98.720, 16.770, 0, 1.000, 0.000,     0, 0, 0, 0
105, 150.800, -101.800, 0, 1.000, 0.000,     0, 0, 0, 0
106, -47.720, 14.190, 0, 1.000, 0.000,     0, 0, 0, 0
107, 144.470, -145.540, 0, 1.000, 0.000,     0, 0, 0, 0
108, 120.150, -73.050, 0, 1.000, 0.000,     0, 0, 0, 0
109, -49.200, -35.190, 0, 1.000, 0.000,     0, 0, 0, 0
110, 150.670, -123.450, 0, 1.000, 0.000,     0, 0, 0, 0
111, -97.930, -13.040, 0, 1.000, 0.000,     0, 0, 0, 0
112, -141.250, 43.200, 0, 1.000, 0.000,     0, 0, 0, 0
113, 183.990, -177.340, 0, 1.000, 0.000,     0, 0, 0, 0
114, -111.710, 5.110, 0, 1.000, 0.000,     0, 0, 0, 0
115, 179.220, -158.960, 0, 1.000, 0.000,     0, 0, 0, 0
116, -12.240, 10.120, 0, 1.000, 0.000,     0, 0, 0, 0
117, -130.710, 24.610, 0, 1.000, 0.000,     0, 0, 0, 0
118, -76.860, -7.560, 0, 1.000, 0.000,     0, 0, 0, 0
119, 183.850, -174.740, 0, 1.000, 0.000,     0, 0, 0, 0
120, 160.240, -155.400, 0, 1.000, 0.000,     0, 0, 0, 0
121, -58.710, -40.540, 0, 1.000, 0.000,     0, 0, 0, 0
122, -14.380, 20.900, 0, 1.000, 0.000,     0, 0, 0, 0
123, -44.380, 63.830, 0, 1.000, 0.000,     0, 0, 0, 0
124, -66.110, 73.250, 0, 1.000, 0.000,     0, 0, 0, 0
125, 150.050, -106.240, 0, 1.000, 0.000,     0, 0, 0, 0
126, -86.700, 127.130, 0, 1.000, 0.000,     0, 0, 0, 0
127, 105.500, -22.270, 0, 1.000, 0.000,     0, 0, 0, 0
128, -101.800, 11.900, 0, 1.000, 0.000,     0, 0, 0, 0
129, -0.830, 1.320, 0, 1.000, 0.000,     0, 0, 0, 0
130, -30.170, -79.350, 0, 1.000, 0.000,     0, 0, 0, 0
131, -29.770, -94.970, 0, 1.000, 0.000,     0, 0, 0, 0
132, -107.180, -15.560, 0, 1.000, 0.000,     0, 0, 0, 0
133, -85.730, -17.010, 0, 1.000, 0.000,     0, 0, 0, 0
134, -130.410, 147.720, 0, 1.000, 0.000,     0, 0, 0, 0
135, -99.070, 8.360, 0, 1.000, 0.000,     0, 0, 0, 0
136, 86.950, -63.580, 0, 1.000, 0.000,     0, 0, 0, 0
137, -12.830, 34.260, 0, 1.000, 0.000,     0, 0, 0, 0
138, -92.920, -21.730, 0, 1.000, 0.000,     0, 0, 0, 0
139, -119.210, 186.610, 0, 1.000, 0.000,     0, 0, 0, 0
140, -94.480, 132.100, 0, 1.000, 0.000,     0, 0, 0, 0
141, -36.140, 47.110, 0, 1.000, 0.000,     0, 0, 0, 0
142, 182.350, -177.360, 0, 1.000, 0.000,     0, 0, 0, 0
143, -109.710, 139.460, 0, 1.000, 0.000,     0, 0, 0, 0
144, -107.600, 133.150, 0, 1.000, 0.000,     0, 0, 0, 0
145, 158.450, -110.850, 0, 1.000, 0.000,     0, 0, 0, 0
146, 90.990, -62.620, 0, 1.000, 0.000,     0, 0, 0, 0
147, -105.490, 158.090, 0, 1.000, 0.000,     0, 0, 0, 0
148, -155.520, 61.000, 0, 1.000, 0.000,     0, 0, 0, 0
149, -77.930, 1.490, 0, 1.000, 0.000,     0, 0, 0, 0
150, -99.930, 6.740, 0, 1.000, 0.000,     0, 0, 0, 0
151, 169.570, -139.320, 0, 1.000, 0.000,     0, 0, 0, 0
152, -106.760, 21.350, 0, 1.000, 0.000,     0, 0, 0, 0
153, -55.620, -71.690, 0, 1.000, 0.000,     0, 0, 0, 0
154, 82.450, -27.430, 0, 1.000, 0.000,     0, 0, 0, 0
155, -42.530, 82.430, 0, 1.000, 0.000,     0, 0, 0, 0
156, -40.950, -84.870, 0, 1.000, 0.000,     0, 0, 0, 0
157, -34.290, 76.040, 0, 1.000, 0.000,     0, 0, 0, 0
158, -43.750, 53.260, 0, 1.000, 0.000,     0, 0, 0, 0
159, 150.870, -113.220, 0, 1.000, 0.000,     0, 0, 0, 0
160, -72.530, 103.680, 0, 1.000, 0.000,     0, 0, 0, 0
161, 23.730, -35.670, 0, 1.000, 0.000,     0, 0, 0, 0
162, -52.430, -32.810, 0, 1.000, 0.000,     0, 0, 0, 0
163, -87.680, -15.570, 0, 1.000, 0.000,     0, 0, 0, 0
164, 103.520, -61.730, 0, 1.000, 0.000,     0, 0, 0, 0
165, 161.090, -154.050, 0, 1.000, 0.000,     0, 0, 0, 0
166, -7.480, -2.540, 0, 1.000, 0.000,     0, 0, 0, 0
167, -2.310, -137.180, 0, 1.000, 0.000,     0, 0, 0, 0
168, -70.730, 115.210, 0, 1.000, 0.000,     0, 0, 0, 0
169, 191.450, -166.440, 0, 1.000, 0.000,     0, 0, 0, 0
170, 200.980, -155.110, 0, 1.000, 0.000,     0, 0, 0, 0
171, 71.530, -5.940, 0, 1.000, 0.000,     0, 0, 0, 0
172, 132.760, -104.130, 0, 1.000, 0.000,     0, 0, 0, 0
173, 194.810, -189.400, 0, 1.000, 0.000,     0, 0, 0, 0
174, -101.160, 137.530, 0, 1.000, 0.000,     0, 0, 0, 0
175, -35.850, -102.920, 0, 1.000, 0.000,     0, 0, 0, 0
176, 123.740, -74.820, 0, 1.000, 0.000,     0, 0, 0, 0
177, 43.310, 53.830, 0, 1.000, 0.000,     0, 0, 0, 0
178, -104.280, 115.560, 0, 1.000, 0.000,     0, 0, 0, 0
179, 135.970, -88.580, 0, 1.000, 0.000,     0, 0, 0, 0
180, -78.340, -19.300, 0, 1.000, 0.000,     0, 0, 0, 0
181, 196.290, -161.090, 0, 1.000, 0.000,     0, 0, 0, 0
182, 165.150, -146.080, 0, 1.000, 0.000,     0, 0, 0, 0
183, 153.430, -138.480, 0, 1.000, 0.000,     0, 0, 0, 0
184, -61.840, -68.620, 0, 1.000, 0.000,     0, 0, 0, 0
185, -67.680, 91.940, 0, 1.000, 0.000,     0, 0, 0, 0
186, -1.600, -129.200, 0, 1.000, 0.000,     0, 0, 0, 0
187, 105.530, -45.280, 0, 1.000, 0.000,     0, 0, 0, 0
188, -96.900, 107.960, 0, 1.000, 0.000,     0, 0, 0, 0
189, 87.980, -3.820, 0, 1.000, 0.000,     0, 0, 0, 0
190, 123.170, -88.320, 0, 1.000, 0.000,     0, 0, 0, 0
191, 116.590, -93.140, 0, 1.000, 0.000,     0, 0, 0, 0
192, -96.110, 135.700, 0, 1.000, 0.000,     0, 0, 0, 0
193, -100.890, 108.220, 0, 1.000, 0.000,     0, 0, 0, 0
194, -98.050, -3.290, 0, 1.000, 0.000,     0, 0, 0, 0
195, -68.000, -74.750, 0, 1.000, 0.000,     0, 0, 0, 0
196, -13.030, -77.270, 0, 1.000, 0.000,     0, 0, 0, 0
197, -98.140, -16.140, 0, 1.000, 0.000,     0, 0, 0, 0
198, -69.930, 89.410, 0, 1.000, 0.000,     0, 0, 0, 0
199, 111.240, -88.920, 0, 1.000, 0.000,     0, 0, 0, 0
200, -73.400, -31.430, 0, 1.000, 0.000,     0, 0, 0, 0
201, 167.180, -144.110, 0, 1.000, 0.000,     0, 0, 0, 0
202, -112.840, 147.990, 0, 1.000, 0.000,     0, 0, 0, 0
203, -156.690, 65.570, 0, 1.000, 0.000,     0, 0, 0, 0
204, 107.560, -90.690, 0, 1.000, 0.000,     0, 0, 0, 0
205, 128.650, -87.660, 0, 1.000, 0.000,     0, 0, 0, 0
206, -11.530, -112.070, 0, 1.000, 0.000,     0, 0, 0, 0
207, -90.010, 120.170, 0, 1.000, 0.000,     0, 0, 0, 0
208, 99.220, -52.420, 0, 1.000, 0.000,     0, 0, 0, 0
209, -110.730, 123.560, 0, 1.000, 0.000,     0, 0, 0, 0
210, -11.680, -82.840, 0, 1.000, 0.000,     0, 0, 0, 0
211, -9.500, 2.290, 0, 1.000, 0.000,     0, 0, 0, 0
212, 118.010, -59.340, 0, 1.000, 0.000,     0, 0, 0, 0
213, -97.360, 99.070, 0, 1.000, 0.000,     0, 0, 0, 0
214, 169.390, -136.180, 0, 1.000, 0.000,     0, 0, 0, 0
215, -131.640, 169.640, 0, 1.000, 0.000,     0, 0, 0, 0
216, 135.930, -113.760, 0, 1.000, 0.000,     0, 0, 0, 0
217, -22.600, -124.180, 0, 1.000, 0.000,     0, 0, 0, 0
218, -55.540, -54.640, 0, 1.000, 0.000,     0, 0, 0, 0
219, -41.480, 59.740, 0, 1.000, 0.000,     0, 0, 0, 0
220, -18.600, -90.090, 0, 1.000, 0.000,     0, 0, 0, 0
221, 169.610, -159.940, 0, 1.000, 0.000,     0, 0, 0, 0
222, -143.550, 51.670, 0, 1.000, 0.000,     0, 0, 0, 0
223, 136.610, -57.860, 0, 1.000, 0.000,     0, 0, 0, 0
224, -53.180, 66.790, 0, 1.000, 0.000,     0, 0, 0, 0
225, -76.960, 113.810, 0, 1.000, 0.000,     0, 0, 0, 0
226, -41.430, 78.100, 0, 1.000, 0.000,     0, 0, 0, 0
227, 96.360, -44.580, 0, 1.000, 0.000,     0, 0, 0, 0
228, -172.040, 96.520, 0, 1.000, 0.000,     0, 0, 0, 0
229, -93.900, 31.420, 0, 1.000, 0.000,     0, 0, 0, 0
230, 0.570, 0.080, 0, 1.000, 0.000,     0, 0, 0, 0
231, 122.890, -73.610, 0, 1.000, 0.000,     0, 0, 0, 0
232, -116.600, 150.560, 0, 1.000, 0.000,     0, 0, 0, 0
233, -43.940, 51.920, 0, 1.000, 0.000,     0, 0, 0, 0
234, -69.340, -40.850, 0, 1.000, 0.000,     0, 0, 0, 0
235, 130.700, -79.870, 0, 1.000, 0.000,     0, 0, 0, 0
236, -52.840, 85.890, 0, 1.000, 0.000,     0, 0, 0, 0
237, -111.370, 71.510, 0, 1.000, 0.000,     0, 0, 0, 0
238, -91.000, 110.310, 0, 1.000, 0.000,     0, 0, 0, 0
239, -86.020, 121.200, 0, 1.000, 0.000,     0, 0, 0, 0
240, -34.400, 50.050, 0, 1.000, 0.000,     0, 0, 0, 0
241, -122.810, 41.730, 0, 1.000, 0.000,     0, 0, 0, 0
242, -13.560, 20.120, 0, 1.000, 0.000,     0, 0, 0, 0
243, -104.280, 30.970, 0, 1.000, 0.000,     0, 0, 0, 0
244, -111.990, 162.240, 0, 1.000, 0.000,     0, 0, 0, 0
245, -83.000, 111.910, 0, 1.000, 0.000,     0, 0, 0, 0
246, -89.190, -17.590, 0, 1.000, 0.000,     0, 0, 0, 0
247, -27.620, -102.040, 0, 1.000, 0.000,     0, 0, 0, 0
248, -44.240, -67.950, 0, 1.000, 0.000,     0, 0, 0, 0
249, 196.560, -163.330, 0, 1.000, 0.000,     0, 0, 0, 0
250, -112.020, 2.440, 0, 1.000, 0.000,     0, 0, 0, 0
251, 174.820, -161.840, 0, 1.000, 0.000,     0, 0, 0, 0
252, -122.960, 53.640, 0, 1.000, 0.000,     0, 0, 0, 0
253, -157.200, 68.300, 0, 1.000, 0.000,     0, 0, 0, 0
254, -64.490, 56.670, 0, 1.000, 0.000,     0, 0, 0, 0
255, -20.420, 22.190, 0, 1.000, 0.000,     0, 0, 0, 0
256, 107.100, -72.750, 0, 1.000, 0.000,     0, 0, 0, 0
257, -98.890, 6.470, 0, 1.000, 0.000,     0, 0, 0, 0
258, 111.290, -87.370, 0, 1.000, 0.000,     0, 0, 0, 0
259, -182.070, 114.450, 0, 1.000, 0.000,     0, 0, 0, 0
260, -112.330, 30.380, 0, 1.000, 0.000,     0, 0, 0, 0
261, -83.240, 138.860, 0, 1.000, 0.000,     0, 0, 0, 0
262, -42.450, -72.040, 0, 1.000, 0.000,     0, 0, 0, 0
263, 159.400, -104.100, 0, 1.000, 0.000,     0, 0, 0, 0
264, -100.320, 136.130, 0, 1.000, 0.000,     0, 0, 0, 0
265, -13.280, -146.460, 0, 1.000, 0.000,     0, 0, 0, 0
266, -16.170, -86.150, 0, 1.000, 0.000,     0, 0, 0, 0
267, 121.720, -80.220, 0, 1.000, 0.000,     0, 0, 0, 0
268, -92.590, 106.120, 0, 1.000, 0.000,     0, 0, 0, 0
269, -111.740, 177.710, 0, 1.000, 0.000,     0, 0, 0, 0
270, 122.230, -63.030, 0, 1.000, 0.000,     0, 0, 0, 0
271, -82.710, 89.980, 0, 1.000, 0.000,     0, 0, 0, 0
272, -66.160, -1.400, 0, 1.000, 0.000,     0, 0, 0, 0
273, -98.870, 126.970, 0, 1.000, 0.000,     0, 0, 0, 0
274, -131.840, 167.590, 0, 1.000, 0.000,     0, 0, 0, 0
275, -96.970, -10.620, 0, 1.000, 0.000,     0, 0, 0, 0
276, 181.540, -144.650, 0, 1.000, 0.000,     0, 0, 0, 0
277, -61.030, 94.440, 0, 1.000, 0.000,     0, 0, 0, 0
278, -29.170, 55.730, 0, 1.000, 0.000,     0, 0, 0, 0
279, -53.710, -81.380, 0, 1.000, 0.000,     0, 0, 0, 0
280, 115.470, -63.380, 0, 1.000, 0.000,     0, 0, 0, 0
281, -34.450, -81.400, 0, 1.000, 0.000,     0, 0, 0, 0
282, 107.590, -58.000, 0, 1.000, 0.000,     0, 0, 0, 0
283, -28.160, -87.080, 0, 1.000, 0.000,     0, 0, 0, 0
284, 128.650, -98.740, 0, 1.000, 0.000,     0, 0, 0, 0
285, -116.680, 45.890, 0, 1.000, 0.000,     0, 0, 0, 0
286, -50.520, 47.210, 0, 1.000, 0.000,     0, 0, 0, 0
287, -142.110, 65.600, 0, 1.000, 0.000,     0, 0, 0, 0
288, -13.070, 15.060, 0, 1.000, 0.000,     0, 0, 0, 0
289, 134.530, -106.740, 0, 1.000, 0.000,     0, 0, 0, 0
290, 169.580, -115.970, 0, 1.000, 0.000,     0, 0, 0, 0
291, -49.810, 76.500, 0, 1.000, 0.000,     0, 0, 0, 0
292, -95.970, 117.570, 0, 1.000, 0.000,     0, 0, 0, 0
293, -204.520, 134.430, 0, 1.000, 0.000,     0, 0, 0, 0
294, -79.170, 88.830, 0, 1.000, 0.000,     0, 0, 0, 0
295, 152.200, -132.190, 0, 1.000, 0.000,     0, 0, 0, 0
296, 10.340, -20.980, 0, 1.000, 0.000,     0, 0, 0, 0
297, -52.920, -63.720, 0, 1.000, 0.000,     0, 0, 0, 0
298, 152.410, -123.180, 0, 1.000, 0.000,     0, 0, 0, 0
299, -4.210, -5.670, 0, 1.000, 0.000,     0, 0, 0, 0
300, -87.090, -1.370, 0, 1.000, 0.000,     0, 0, 0, 0
301, -7.640, -145.590, 0, 1.000, 0.000,     0, 0, 0, 0
302, -105.760, 27.590, 0, 1.000, 0.000,     0, 0, 0, 0
303, -64.980, -45.490, 0, 1.000, 0.000,     0, 0, 0, 0
304, 123.820, -73.610, 0, 1.000, 0.000,     0, 0, 0, 0
305, -92.790, 105.030, 0, 1.000, 0.000,     0, 0, 0, 0
306, 138.230, -120.050, 0, 1.000, 0.000,     0, 0, 0, 0
307, -87.700, 97.690, 0, 1.000, 0.000,     0, 0, 0, 0
308, -91.910, 9.040, 0, 1.000, 0.000,     0, 0, 0, 0
309, -73.850, -33.940, 0, 1.000, 0.000,     0, 0, 0, 0
310, -121.180, 34.390, 0, 1.000, 0.000,     0, 0, 0, 0
311, -97.800, 17.150, 0, 1.000, 0.000,     0, 0, 0, 0
312, -66.120, -44.960, 0, 1.000, 0.000,     0, 0, 0, 0
313, -51.530, -41.860, 0, 1.000, 0.000,     0, 0, 0, 0
314, -161.710, 72.630, 0, 1.000, 0.000,     0, 0, 0, 0
315, -102.790, 4.480, 0, 1.000, 0.000,     0, 0, 0, 0
316, -73.210, -27.550, 0, 1.000, 0.000,     0, 0, 0, 0
317, -80.250, 116.600, 0, 1.000, 0.000,     0, 0, 0, 0
318, -87.290, 4.580, 0, 1.000, 0.000,     0, 0, 0, 0
319, 48.370, -29.290, 0, 1.000, 0.000,     0, 0, 0, 0
320, -83.280, -18.250, 0, 1.000, 0.000,     0, 0, 0, 0
321, 159.490, -142.830, 0, 1.000, 0.000,     0, 0, 0, 0
322, 184.870, -141.480, 0, 1.000, 0.000,     0, 0, 0, 0
323, -103.990, -10.870, 0, 1.000, 0.000,     0, 0, 0, 0
324, -37.690, 54.060, 0, 1.000, 0.000,     0, 0, 0, 0
325, 141.770, -104.390, 0, 1.000, 0.000,     0, 0, 0, 0
326, -78.680, 107.560, 0, 1.000, 0.000,     0, 0, 0, 0
327, 133.270, -100.190, 0, 1.000, 0.000,     0, 0, 0, 0
328, -98.760, 31.110, 0, 1.000, 0.000,     0, 0, 0, 0
329, -92.530, -10.900, 0, 1.000, 0.000,     0, 0, 0, 0
330, -39.230, 72.610, 0, 1.000, 0.000,     0, 0, 0, 0
331, -109.200, 151.920, 0, 1.000, 0.000,     0, 0, 0, 0
332, 110.960, -59.640, 0, 1.000, 0.000,     0, 0, 0, 0
333, -70.160, -44.340, 0, 1.000, 0.000,     0, 0, 0, 0
334, -20.620, 39.230, 0, 1.000, 0.000,     0, 0, 0, 0
335, -78.280, 112.460, 0, 1.000, 0.000,     0, 0, 0, 0
336, -68.870, 4.100, 0, 1.000, 0.000,     0, 0, 0, 0
337, -46.760, 45.510, 0, 1.000, 0.000,     0, 0, 0, 0
338, -38.080, -45.510, 0, 1.000, 0.000,     0, 0, 0, 0
339, -90.230, 135.380, 0, 1.000, 0.000,     0, 0, 0, 0
340, 104.880, -59.100, 0, 1.000, 0.000,     0, 0, 0, 0
341, 181.240, -166.280, 0, 1.000, 0.000,     0, 0, 0, 0
342, -45.690, 79.500, 0, 1.000, 0.000,     0, 0, 0, 0
343, 137.570, -104.610, 0, 1.000, 0.000,     0, 0, 0, 0
344, -84.510, 105.990, 0, 1.000, 0.000,     0, 0, 0, 0
345, 147.700, -95.770, 0, 1.000, 0.000,     0, 0, 0, 0
346, 220.180, -191.470, 0, 1.000, 0.000,     0, 0, 0, 0
347, -120.490, 138.750, 0, 1.000, 0.000,     0, 0, 0, 0
348, 122.300, -83.360, 0, 1.000, 0.000,     0, 0, 0, 0
349, 129.860, -102.860, 0, 1.000, 0.000,     0, 0, 0, 0
350, -127.890, 30.700, 0, 1.000, 0.000,     0, 0, 0, 0
351, -71.550, 71.000, 0, 1.000, 0.000,     0, 0, 0, 0
352, -67.270, 88.310, 0, 1.000, 0.000,     0, 0, 0, 0
353, 112.300, -75.990, 0, 1.000, 0.000,     0, 0, 0, 0
354, -26.050, 33.520, 0, 1.000, 0.000,     0, 0, 0, 0
355, -16.380, -62.490, 0, 1.000, 0.000,     0, 0, 0, 0
356, 138.050, -97.240, 0, 1.000, 0.000,     0, 0, 0, 0
357, -56.550, -49.160, 0, 1.000, 0.000,     0, 0, 0, 0
358, -37.380, 78.890, 0, 1.000, 0.000,     0, 0, 0, 0
359, -39.680, 93.560, 0, 1.000, 0.000,     0, 0, 0, 0
360, -147.350, 87.050, 0, 1.000, 0.000,     0, 0, 0, 0
361, -93.710, 108.330, 0, 1.000, 0.000,     0, 0, 0, 0
362, 134.920, -78.300, 0, 1.000, 0.000,     0, 0, 0, 0
363, -32.370, 50.630, 0, 1.000, 0.000,     0, 0, 0, 0
364, -75.740, 67.490, 0, 1.000, 0.000,     0, 0, 0, 0
365, -99.440, 1.930, 0, 1.000, 0.000,     0, 0, 0, 0
366, -108.630, -12.240, 0, 1.000, 0.000,     0, 0, 0, 0
367, 0.150, 25.380, 0, 1.000, 0.000,     0, 0, 0, 0
368, -106.700, 160.490, 0, 1.000, 0.000,     0, 0, 0, 0
369, 194.170, -184.410, 0, 1.000, 0.000,     0, 0, 0, 0
370, -118.070, 24.640, 0, 1.000, 0.000,     0, 0, 0, 0
371, -75.320, -29.200, 0, 1.000, 0.000,     0, 0, 0, 0
372, -83.690, 116.620, 0, 1.000, 0.000,     0, 0, 0, 0
373, -56.180, 92.370, 0, 1.000, 0.000,     0, 0, 0, 0
374, 150.380, -105.590, 0, 1.000, 0.000,     0, 0, 0, 0
375, -64.700, 91.660, 0, 1.000, 0.000,     0, 0, 0, 0
376, -96.160, 93.360, 0, 1.000, 0.000,     0, 0, 0, 0
377, -139.370, 38.780, 0, 1.000, 0.000,     0, 0, 0, 0
378, -119.860, 150.300, 0, 1.000, 0.000,     0, 0, 0, 0
379, 86.980, -25.060, 0, 1.000, 0.000,     0, 0, 0, 0
380, -52.720, -29.470, 0, 1.000, 0.000,     0, 0, 0, 0
381, -42.430, 93.260, 0, 1.000, 0.000,     0, 0, 0, 0
382, -106.200, 155.230, 0, 1.000, 0.000,     0, 0, 0, 0
383, -40.040, 41.730, 0, 1.000, 0.000,     0, 0, 0, 0
384, 134.450, -93.380, 0, 1.000, 0.000,     0, 0, 0, 0
385, 148.860, -114.550, 0, 1.000, 0.000,     0, 0, 0, 0
386, -59.640, 91.030, 0, 1.000, 0.000,     0, 0, 0, 0
387, -67.030, 76.770, 0, 1.000, 0.000,     0, 0, 0, 0
388, -120.700, 151.330, 0, 1.000, 0.000,     0, 0, 0, 0
389, 193.890, -164.680, 0, 1.000, 0.000,     0, 0, 0, 0
390, -134.570, 43.230, 0, 1.000, 0.000,     0, 0, 0, 0
391, 183.600, -123.580, 0, 1.000, 0.000,     0, 0, 0, 0
392, -94.960, -8.250, 0, 1.000, 0.000,     0, 0, 0, 0
393, -129.270, 164.250, 0, 1.000, 0.000,     0, 0, 0, 0
394, 101.610, -57.750, 0, 1.000, 0.000,     0, 0, 0, 0
395, 104.240, -46.580, 0, 1.000, 0.000,     0, 0, 0, 0
396, -158.770, 95.630, 0, 1.000, 0.000,     0, 0, 0, 0
397, -80.070, 1.510, 0, 1.000, 0.000,     0, 0, 0, 0
398, 134.520, -89.420, 0, 1.000, 0.000,     0, 0, 0, 0
399, -159.240, 89.570, 0, 1.000, 0.000,     0, 0, 0, 0
400, -25.220, 30.350, 0, 1.000, 0.000,     0, 0, 0, 0
401, 185.220, -134.410, 0, 1.000, 0.000,     0, 0, 0, 0
402, -44.980, 69.440, 0, 1.000, 0.000,     0, 0, 0, 0
403, -166.620, 85.380, 0, 1.000, 0.000,     0, 0, 0, 0
404, 116.110, -68.410, 0, 1.000, 0.000,     0, 0, 0, 0
405, 122.980, -101.100, 0, 1.000, 0.000,     0, 0, 0, 0
406, -189.770, 121.580, 0, 1.000, 0.000,     0, 0, 0, 0
407, -4.070, 18.790, 0, 1.000, 0.000,     0, 0, 0, 0
408, -117.650, 48.640, 0, 1.000, 0.000,     0, 0, 0, 0
409, -191.000, 117.330, 0, 1.000, 0.000,     0, 0, 0, 0
410, 130.690, -74.820, 0, 1.000, 0.000,     0, 0, 0, 0
411, 183.530, -163.620, 0, 1.000, 0.000,     0, 0, 0, 0
412, -59.630, -44.150, 0, 1.000, 0.000,     0, 0, 0, 0
413, -99.250, -9.980, 0, 1.000, 0.000,     0, 0, 0, 0
414, -20.780, 41.030, 0, 1.000, 0.000,     0, 0, 0, 0
415, -113.910, 119.100, 0, 1.000, 0.000,     0, 0, 0, 0
416, -54.600, 54.460, 0, 1.000, 0.000,     0, 0, 0, 0
417, -89.850, 114.630, 0, 1.000, 0.000,     0, 0, 0, 0
418, -72.810, -34.510, 0, 1.000, 0.000,     0, 0, 0, 0
419, -58.280, -70.580, 0, 1.000, 0.000,     0, 0, 0, 0
420, -91.670, 113.440, 0, 1.000, 0.000,     0, 0, 0, 0
421, -49.870, 41.460, 0, 1.000, 0.000,     0, 0, 0, 0
422, 165.530, -137.560, 0, 1.000, 0.000,     0, 0, 0, 0
423, 1.640, -6.670, 0, 1.000, 0.000,     0, 0, 0, 0
424, -38.800, -82.290, 0, 1.000, 0.000,     0, 0, 0, 0
425, 203.280, -170.940, 0, 1.000, 0.000,     0, 0, 0, 0
426, -154.520, 99.790, 0, 1.000, 0.000,     0, 0, 0, 0
427, 93.990, -31.410, 0, 1.000, 0.000,     0, 0, 0, 0
428, -100.000, 23.720, 0, 1.000, 0.000,     0, 0, 0, 0
429, -105.210, 146.530, 0, 1.000, 0.000,     0, 0, 0, 0
430, 128.410, -95.760, 0, 1.000, 0.000,     0, 0, 0, 0
431, 92.060, -36.030, 0, 1.000, 0.000,     0, 0, 0, 0
432, -32.020, 40.900, 0, 1.000, 0.000,     0, 0, 0, 0
433, 139.860, -109.510, 0, 1.000, 0.000,     0, 0, 0, 0
434, 147.630, -105.190, 0, 1.000, 0.000,     0, 0, 0, 0
435, -92.820, -27.900, 0, 1.000, 0.000,     0, 0, 0, 0
436, -123.880, 28.980, 0, 1.000, 0.000,     0, 0, 0, 0
437, -172.670, 230.000, 0, 1.000, 0.000,     0, 0, 0, 0
438, -90.860, 146.010, 0, 1.000, 0.000,     0, 0, 0, 0
439, -88.560, 151.680, 0, 1.000, 0.000,     0, 0, 0, 0
440, 0.150, 5.080, 0, 1.000, 0.000,     0, 0, 0, 0
441, 119.220, -69.240, 0, 1.000, 0.000,     0, 0, 0, 0
442, -67.020, 102.670, 0, 1.000, 0.000,     0, 0, 0, 0
443, -105.380, 35.990, 0, 1.000, 0.000,     0, 0, 0, 0
444, 173.030, -149.370, 0, 1.000, 0.000,     0, 0, 0, 0
445, 100.440, -23.660, 0, 1.000, 0.000,     0, 0, 0, 0
446, -58.170, 98.360, 0, 1.000, 0.000,     0, 0, 0, 0
447, -32.570, 60.830, 0, 1.000, 0.000,     0, 0, 0, 0
448, -58.540, 93.280, 0, 1.000, 0.000,     0, 0, 0, 0
449, 167.190, -140.590, 0, 1.000, 0.000,     0, 0, 0, 0
450, 150.620, -103.990, 0, 1.000, 0.000,     0, 0, 0, 0
451, 153.410, -138.520, 0, 1.000, 0.000,     0, 0, 0, 0
452, -38.160, 12.380, 0, 1.000, 0.000,     0, 0, 0, 0
453, 197.660, -189.180, 0, 1.000, 0.000,     0, 0, 0, 0
454, -80.720, 95.210, 0, 1.000, 0.000,     0, 0, 0, 0
455, 94.870, -44.250, 0, 1.000, 0.000,     0, 0, 0, 0
456, 154.160, -111.440, 0, 1.000, 0.000,     0, 0, 0, 0
457, 97.230, -50.440, 0, 1.000, 0.000,     0, 0, 0, 0
458, 83.320, -20.830, 0, 1.000, 0.000,     0, 0, 0, 0
459, 89.630, -26.390, 0, 1.000, 0.000,     0, 0, 0, 0
460, -68.710, -17.880, 0, 1.000, 0.000,     0, 0, 0, 0
461, 81.960, -26.130, 0, 1.000, 0.000,     0, 0, 0, 0
462, 106.150, -79.570, 0, 1.000, 0.000,     0, 0, 0, 0
463, -50.240, -53.490, 0, 1.000, 0.000,     0, 0, 0, 0
464, -98.800, 8.870, 0, 1.000, 0.000,     0, 0, 0, 0
465, -136.030, 192.390, 0, 1.000, 0.000,     0, 0, 0, 0
466, -90.350, -7.850, 0, 1.000, 0.000,     0, 0, 0, 0
467, 31.590, -15.720, 0, 1.000, 0.000,     0, 0, 0, 0
468, 124.390, -65.360, 0, 1.000, 0.000,     0, 0, 0, 0
469, 144.940, -122.300, 0, 1.000, 0.000,     0, 0, 0, 0
470, -100.410, 56.190, 0, 1.000, 0.000,     0, 0, 0, 0
471, -69.860, 97.410, 0, 1.000, 0.000,     0, 0, 0, 0
472, -152.930, 88.330, 0, 1.000, 0.000,     0, 0, 0, 0
473, -66.530, -35.790, 0, 1.000, 0.000,     0, 0, 0, 0
474, -45.240, 48.400, 0, 1.000, 0.000,     0, 0, 0, 0
475, -161.910, 66.520, 0, 1.000, 0.000,     0, 0, 0, 0
476, 154.460, -128.100, 0, 1.000, 0.000,     0, 0, 0, 0
477, -117.950, 34.040, 0, 1.000, 0.000,     0, 0, 0, 0
478, 132.020, -120.390, 0, 1.000, 0.000,     0, 0, 0, 0
479, 181.530, -140.260, 0, 1.000, 0.000,     0, 0, 0, 0
480, 154.590, -120.030, 0, 1.000, 0.000,     0, 0, 0, 0
481, -65.750, 76.170, 0, 1.000, 0.000,     0, 0, 0, 0
482, 118.510, -94.090, 0, 1.000, 0.000,     0, 0, 0, 0
483, -84.730, 4.170, 0, 1.000, 0.000,     0, 0, 0, 0
484, 108.350, -47.300, 0, 1.000, 0.000,     0, 0, 0, 0
485, 96.250, -25.380, 0, 1.000, 0.000,     0, 0, 0, 0
486, 40.130, 55.530, 0, 1.000, 0.000,     0, 0, 0, 0
487, -42.360, 78.470, 0, 1.000, 0.000,     0, 0, 0, 0
488, -69.670, -22.770, 0, 1.000, 0.000,     0, 0, 0, 0
489, -102.730, 24.430, 0, 1.000, 0.000,     0, 0, 0, 0
490, -101.880, 121.770, 0, 1.000, 0.000,     0, 0, 0, 0
491, -14.210, 68.430, 0, 1.000, 0.000,     0, 0, 0, 0
492, -52.820, 56.960, 0, 1.000, 0.000,     0, 0, 0, 0
493, 137.070, -108.640, 0, 1.000, 0.000,     0, 0, 0, 0
494, -123.130, 37.730, 0, 1.000, 0.000,     0, 0, 0, 0
495, 174.000, -152.580, 0, 1.000, 0.000,     0, 0, 0, 0
496, -118.480, 12.970, 0, 1.000, 0.000,     0, 0, 0, 0
497, -183.820, 112.790, 0, 1.000, 0.000,     0, 0, 0, 0
498, 173.600, -141.030, 0, 1.000, 0.000,     0, 0, 0, 0
499, -51.190, 50.570, 0, 1.000, 0.000,     0, 0, 0, 0
500, 177.500, -164.220, 0, 1.000, 0.000,     0, 0, 0, 0
501, -86.020, 112.420, 0, 1.000, 0.000,     0, 0, 0, 0
502, -78.620, 99.520, 0, 1.000, 0.000,     0, 0, 0, 0
503, 150.540, -99.620, 0, 1.000, 0.000,     0, 0, 0, 0
504, -60.220, -13.550, 0, 1.000, 0.000,     0, 0, 0, 0
505, -71.520, 106.450, 0, 1.000, 0.000,     0, 0, 0, 0
506, -103.240, -7.880, 0, 1.000, 0.000,     0, 0, 0, 0
507, -117.260, 26.030, 0, 1.000, 0.000,     0, 0, 0, 0
508, -48.510, -76.130, 0, 1.000, 0.000,     0, 0, 0, 0
509, -52.680, 36.630, 0, 1.000, 0.000,     0, 0, 0, 0
510, -54.230, 79.470, 0, 1.000, 0.000,     0, 0, 0, 0
511, -78.470, -31.480, 0, 1.000, 0.000,     0, 0, 0, 0
512, -152.820, 213.110, 0, 1.000, 0.000,     0, 0, 0, 0
513, 135.090, -102.530, 0, 1.000, 0.000,     0, 0, 0, 0
514, -58.770, 57.720, 0, 1.000, 0.000,     0, 0, 0, 0
515, 91.860, -44.340, 0, 1.000, 0.000,     0, 0, 0, 0
516, 80.260, -14.570, 0, 1.000, 0.000,     0, 0, 0, 0
517, 164.000, -135.470, 0, 1.000, 0.000,     0, 0, 0, 0
518, 136.720, -91.990, 0, 1.000, 0.000,     0, 0, 0, 0
519, -59.180, -48.780, 0, 1.000, 0.000,     0, 0, 0, 0
520, -29.750, -100.710, 0, 1.000, 0.000,     0, 0, 0, 0
521, -47.910, 79.030, 0, 1.000, 0.000,     0, 0, 0, 0
522, -55.220, -48.620, 0, 1.000, 0.000,     0, 0, 0, 0
523, 122.940, -70.950, 0, 1.000, 0.000,     0, 0, 0, 0
524, -97.640, 107.710, 0, 1.000, 0.000,     0, 0, 0, 0
525, -21.490, -102.190, 0, 1.000, 0.000,     0, 0, 0, 0
526, -124.980, 191.590, 0, 1.000, 0.000,     0, 0, 0, 0
527, 77.870, -17.830, 0, 1.000, 0.000,     0, 0, 0, 0
528, 172.050, -129.630, 0, 1.000, 0.000,     0, 0, 0, 0
529, 136.920, -127.100, 0, 1.000, 0.000,     0, 0, 0, 0
530, 90.480, -24.170, 0, 1.000, 0.000,     0, 0, 0, 0
531, 172.320, -128.930, 0, 1.000, 0.000,     0, 0, 0, 0
532, -147.200, 70.700, 0, 1.000, 0.000,     0, 0, 0, 0
533, -176.370, 93.610, 0, 1.000, 0.000,     0, 0, 0, 0
534, 160.250, -153.500, 0, 1.000, 0.000,     0, 0, 0, 0
535, -39.490, 51.250, 0, 1.000, 0.000,     0, 0, 0, 0
536, 198.580, -179.790, 0, 1.000, 0.000,     0, 0, 0, 0
537, 152.480, -127.190, 0, 1.000, 0.000,     0, 0, 0, 0
538, -38.600, 38.920, 0, 1.000, 0.000,     0, 0, 0, 0
539, 201.670, -204.940, 0, 1.000, 0.000,     0, 0, 0, 0
540, -96.050, 119.250, 0, 1.000, 0.000,     0, 0, 0, 0
541, -73.910, 60.360, 0, 1.000, 0.000,     0, 0, 0, 0
542, 73.920, -26.840, 0, 1.000, 0.000,     0, 0, 0, 0
543, -90.840, 1.380, 0, 1.000, 0.000,     0, 0, 0, 0
544, -173.010, 111.770, 0, 1.000, 0.000,     0, 0, 0, 0
545, 170.260, -162.940, 0, 1.000, 0.000,     0, 0, 0, 0
546, -73.880, 80.600, 0, 1.000, 0.000,     0, 0, 0, 0
547, 132.310, -89.970, 0, 1.000, 0.000,     0, 0, 0, 0
548, 93.180, -50.490, 0, 1.000, 0.000,     0, 0, 0, 0
549, 33.680, -8.910, 0, 1.000, 0.000,     0, 0, 0, 0
550, -66.970, 74.230, 0, 1.000, 0.000,     0, 0, 0, 0
551, 103.980, -53.210, 0, 1.000, 0.000,     0, 0, 0, 0
552, -58.100, -60.440, 0, 1.000, 0.000,     0, 0, 0, 0
553, -3.850, 13.160, 0, 1.000, 0.000,     0, 0, 0, 0
554, 163.720, -119.440, 0, 1.000, 0.000,     0, 0, 0, 0
555, -152.140, 88.240, 0, 1.000, 0.000,     0, 0, 0, 0
556, -85.560, 3.010, 0, 1.000, 0.000,     0, 0, 0, 0
557, 46.080, 36.470, 0, 1.000, 0.000,     0, 0, 0, 0
558, -110.590, 9.060, 0, 1.000, 0.000,     0, 0, 0, 0
559, 145.880, -97.930, 0, 1.000, 0.000,     0, 0, 0, 0
560, -31.350, 36.260, 0, 1.000, 0.000,     0, 0, 0, 0
561, 189.490, -173.210, 0, 1.000, 0.000,     0, 0, 0, 0
562, -111.470, -11.170, 0, 1.000, 0.000,     0, 0, 0, 0
563, -111.620, -11.330, 0, 1.000, 0.000,     0, 0, 0, 0
564, 150.570, -110.340, 0, 1.000, 0.000,     0, 0, 0, 0
565, -64.060, 83.800, 0, 1.000, 0.000,     0, 0, 0, 0
566, 109.910, -74.260, 0, 1.000, 0.000,     0, 0, 0, 0
567, 100.640, -61.970, 0, 1.000, 0.000,     0, 0, 0, 0
568, 159.730, -161.610, 0, 1.000, 0.000,     0, 0, 0, 0
569, 154.110, -138.620, 0, 1.000, 0.000,     0, 0, 0, 0
570, 120.490, -89.760, 0, 1.000, 0.000,     0, 0, 0, 0
571, -74.060, -25.020, 0, 1.000, 0.000,     0, 0, 0, 0
572, -38.620, -75.080, 0, 1.000, 0.000,     0, 0, 0, 0
573, -84.350, -22.690, 0, 1.000, 0.000,     0, 0, 0, 0
574, -61.250, -33.280, 0, 1.000, 0.000,     0, 0, 0, 0
575, -79.760, -11.460, 0, 1.000, 0.000,     0, 0, 0, 0
576, -39.340, -96.070, 0, 1.000, 0.000,     0, 0, 0, 0
577, -29.050, -19.380, 0, 1.000, 0.000,     0, 0, 0, 0
578, -28.630, -37.620, 0, 1.000, 0.000,     0, 0, 0, 0
579, 71.170, 8.430, 0, 1.000, 0.000,     0, 0, 0, 0
580, 146.560, -145.110, 0, 1.000, 0.000,     0, 0, 0, 0
581, -78.490, -1.300, 0, 1.000, 0.000,     0, 0, 0, 0
582, -89.830, -18.360, 0, 1.000, 0.000,     0, 0, 0, 0
583, -124.960, 159.640, 0, 1.000, 0.000,     0, 0, 0, 0
584, 112.780, -73.730, 0, 1.000, 0.000,     0, 0, 0, 0
585, -31.000, 30.290, 0, 1.000, 0.000,     0, 0, 0, 0
586, -151.390, 199.880, 0, 1.000, 0.000,     0, 0, 0, 0
587, -122.250, 11.410, 0, 1.000, 0.000,     0, 0, 0, 0
588, -49.900, 83.410, 0, 1.000, 0.000,     0, 0, 0, 0
589, 91.160, -63.270, 0, 1.000, 0.000,     0, 0, 0, 0
590, -89.640, 122.980, 0, 1.000, 0.000,     0, 0, 0, 0
591, 161.750, -154.010, 0, 1.000, 0.000,     0, 0, 0, 0
592, -48.190, -85.700, 0, 1.000, 0.000,     0, 0, 0, 0
593, -137.390, 65.630, 0, 1.000, 0.000,     0, 0, 0, 0
594, -35.860, 60.710, 0, 1.000, 0.000,     0, 0, 0, 0
595, 152.140, -86.660, 0, 1.000, 0.000,     0, 0, 0, 0
596, -66.960, 117.060, 0, 1.000, 0.000,     0, 0, 0, 0
597, -62.770, -54.400, 0, 1.000, 0.000,     0, 0, 0, 0
598, 137.400, -90.310, 0, 1.000, 0.000,     0, 0, 0, 0
599, -31.270, 44.230, 0, 1.000, 0.000,     0, 0, 0, 0
600, 167.120, -153.780, 0, 1.000, 0.000,     0, 0, 0, 0
601, -26.570, 33.740, 0, 1.000, 0.000,     0, 0, 0, 0
602, -8.690, -103.280, 0, 1.000, 0.000,     0, 0, 0, 0
603, -25.980, -94.850, 0, 1.000, 0.000,     0, 0, 0, 0
604, -52.380, -34.950, 0, 1.000, 0.000,     0, 0, 0, 0
605, -62.090, 88.460, 0, 1.000, 0.000,     0, 0, 0, 0
606, -55.550, 68.870, 0, 1.000, 0.000,     0, 0, 0, 0
607, -95.750, 108.800, 0, 1.000, 0.000,     0, 0, 0, 0
608, -59.870, -46.950, 0, 1.000, 0.000,     0, 0, 0, 0
609, 28.820, -37.820, 0, 1.000, 0.000,     0, 0, 0, 0
610, -69.630, -36.630, 0, 1.000, 0.000,     0, 0, 0, 0
611, -47.360, -46.500, 0, 1.000, 0.000,     0, 0, 0, 0
612, -55.040, 81.330, 0, 1.000, 0.000,     0, 0, 0, 0
613, -31.690, 63.370, 0, 1.000, 0.000,     0, 0, 0, 0
614, -134.480, 88.910, 0, 1.000, 0.000,     0, 0, 0, 0
615, -51.130, -32.860, 0, 1.000, 0.000,     0, 0, 0, 0
616, 0.970, -114.740, 0, 1.000, 0.000,     0, 0, 0, 0
617, -55.870, 76.230, 0, 1.000, 0.000,     0, 0, 0, 0
618, 73.020, -28.550, 0, 1.000, 0.000,     0, 0, 0, 0
619, 135.460, -95.240, 0, 1.000, 0.000,     0, 0, 0, 0
620, -120.340, 151.500, 0, 1.000, 0.000,     0, 0, 0, 0
621, 113.550, -43.810, 0, 1.000, 0.000,     0, 0, 0, 0
622, -68.010, 71.310, 0, 1.000, 0.000,     0, 0, 0, 0
623, 156.490, -139.510, 0, 1.000, 0.000,     0, 0, 0, 0
624, 111.580, -51.350, 0, 1.000, 0.000,     0, 0, 0, 0
625, -24.770, 62.720, 0, 1.000, 0.000,     0, 0, 0, 0
626, -64.780, -45.070, 0, 1.000, 0.000,     0, 0, 0, 0
627, 155.790, -138.620, 0, 1.000, 0.000,     0, 0, 0, 0
628, 99.850, -71.790, 0, 1.000, 0.000,     0, 0, 0, 0
629, 190.250, -120.580, 0, 1.000, 0.000,     0, 0, 0, 0
630, -63.490, 102.820, 0, 1.000, 0.000,     0, 0, 0, 0
631, 230.000, -199.270, 0, 1.000, 0.000,     0, 0, 0, 0
632, -63.560, 110.430, 0, 1.000, 0.000,     0, 0, 0, 0
633, -110.520, 45.270, 0, 1.000, 0.000,     0, 0, 0, 0
634, -72.150, 81.990, 0, 1.000, 0.000,     0, 0, 0, 0
635, -66.180, -31.730, 0, 1.000, 0.000,     0, 0, 0, 0
636, -120.880, 6.900, 0, 1.000, 0.000,     0, 0, 0, 0
637, -128.220, 192.100, 0, 1.000, 0.000,     0, 0, 0, 0
638, 70.050, -15.090, 0, 1.000, 0.000,     0, 0, 0, 0
639, -80.070, -36.270, 0, 1.000, 0.000,     0, 0, 0, 0
640, 162.820, -159.140, 0, 1.000, 0.000,     0, 0, 0, 0
641, -62.810, -28.340, 0, 1.000, 0.000,     0, 0, 0, 0
642, -80.600, -34.770, 0, 1.000, 0.000,     0, 0, 0, 0
643, 140.630, -107.030, 0, 1.000, 0.000,     0, 0, 0, 0
644, -84.640, 113.850, 0, 1.000, 0.000,     0, 0, 0, 0
645, -81.290, -41.670, 0, 1.000, 0.000,     0, 0, 0, 0
646, 170.950, -133.090, 0, 1.000, 0.000,     0, 0, 0, 0
647, 96.800, -67.760, 0, 1.000, 0.000,     0, 0, 0, 0
648, 150.690, -100.770, 0, 1.000, 0.000,     0, 0, 0, 0
649, 136.520, -82.590, 0, 1.000, 0.000,     0, 0, 0, 0
650, -53.880, -93.490, 0, 1.000, 0.000,     0, 0, 0, 0
651, 111.880, -72.340, 0, 1.000, 0.000,     0, 0, 0, 0
652, -22.190, 54.980, 0, 1.000, 0.000,     0, 0, 0, 0
653, -230.000, 183.550, 0, 1.000, 0.000,     0, 0, 0, 0
654, -14.600, -88.630, 0, 1.000, 0.000,     0, 0, 0, 0
655, -106.760, 31.560, 0, 1.000, 0.000,     0, 0, 0, 0
656, -15.520, -103.580, 0, 1.000, 0.000,     0, 0, 0, 0
657, -120.850, 125.690, 0, 1.000, 0.000,     0, 0, 0, 0
658, -66.320, -35.500, 0, 1.000, 0.000,     0, 0, 0, 0
659, -52.160, -34.610, 0, 1.000, 0.000,     0, 0, 0, 0
660, -82.970, -17.030, 0, 1.000, 0.000,     0, 0, 0, 0
661, 203.350, -169.410, 0, 1.000, 0.000,     0, 0, 0, 0
662, -112.110, 49.060, 0, 1.000, 0.000,     0, 0, 0, 0
663, -113.160, 37.120, 0, 1.000, 0.000,     0, 0, 0, 0
664, -138.470, 46.450, 0, 1.000, 0.000,     0, 0, 0, 0
665, -44.060, 64.050, 0, 1.000, 0.000,     0, 0, 0, 0
666, 94.220, -20.920, 0, 1.000, 0.000,     0, 0, 0, 0
667, -84.750, 133.210, 0, 1.000, 0.000,     0, 0, 0, 0
668, 140.410, -104.580, 0, 1.000, 0.000,     0, 0, 0, 0
669, -35.760, 58.940, 0, 1.000, 0.000,     0, 0, 0, 0
670, 102.940, -82.950, 0, 1.000, 0.000,     0, 0, 0, 0
671, 98.020, -43.680, 0, 1.000, 0.000,     0, 0, 0, 0
672, 80.860, -34.460, 0, 1.000, 0.000,     0, 0, 0, 0
673, -78.360, 84.350, 0, 1.000, 0.000,     0, 0, 0, 0
674, -55.800, -55.980, 0, 1.000, 0.000,     0, 0, 0, 0
675, -19.770, 38.460, 0, 1.000, 0.000,     0, 0, 0, 0
676, -56.480, 90.240, 0, 1.000, 0.000,     0, 0, 0, 0
677, -47.920, -46.330, 0, 1.000, 0.000,     0, 0, 0, 0
678, 126.970, -104.450, 0, 1.000, 0.000,     0, 0, 0, 0
679, 149.970, -123.690, 0, 1.000, 0.000,     0, 0, 0, 0
680, 217.480, -230.000, 0, 1.000, 0.000,     0, 0, 0, 0
681, -111.730, 15.250, 0, 1.000, 0.000,     0, 0, 0, 0
682, 220.900, -201.190, 0, 1.000, 0.000,     0, 0, 0, 0
683, -88.850, 132.390, 0, 1.000, 0.000,     0, 0, 0, 0
684, -86.150, 106.060, 0, 1.000, 0.000,     0, 0, 0, 0
685, 92.930, -65.320, 0, 1.000, 0.000,     0, 0, 0, 0
686, -171.520, 209.650, 0, 1.000, 0.000,     0, 0, 0, 0
687, -100.000, 80.770, 0, 1.000, 0.000,     0, 0, 0, 0
688, -95.400, 116.310, 0, 1.000, 0.000,     0, 0, 0, 0
689, -71.940, 113.100, 0, 1.000, 0.000,     0, 0, 0, 0
690, -142.190, 32.590, 0, 1.000, 0.000,     0, 0, 0, 0
691, -83.050, 108.050, 0, 1.000, 0.000,     0, 0, 0, 0
692, -23.450, 66.670, 0, 1.000, 0.000,     0, 0, 0, 0
693, -148.550, 23.530, 0, 1.000, 0.000,     0, 0, 0, 0
694, -105.850, 135.050, 0, 1.000, 0.000,     0, 0, 0, 0
695, 138.180, -113.960, 0, 1.000, 0.000,     0, 0, 0, 0
696, -64.060, 67.830, 0, 1.000, 0.000,     0, 0, 0, 0
697, -106.380, 131.950, 0, 1.000, 0.000,     0, 0, 0, 0
698, -56.060, 84.460, 0, 1.000, 0.000,     0, 0, 0, 0
699, 132.290, -84.230, 0, 1.000, 0.000,     0, 0, 0, 0
700, 124.260, -93.760, 0, 1.000, 0.000,     0, 0, 0, 0
701, -95.470, 115.940, 0, 1.000, 0.000,     0, 0, 0, 0
702, -23.530, 41.160, 0, 1.000, 0.000,     0, 0, 0, 0
703, -180.700, 104.930, 0, 1.000, 0.000,     0, 0, 0, 0
704, -85.800, -5.250, 0, 1.000, 0.000,     0, 0, 0, 0
705, -26.730, 24.850, 0, 1.000, 0.000,     0, 0, 0, 0
706, -64.890, 75.580, 0, 1.000, 0.000,     0, 0, 0, 0
707, -60.870, -13.200, 0, 1.000, 0.000,     0, 0, 0, 0
708, -163.870, 79.320, 0, 1.000, 0.000,     0, 0, 0, 0
709, -86.860, -31.410, 0, 1.000, 0.000,     0, 0, 0, 0
710, -86.370, 0.810, 0, 1.000, 0.000,     0, 0, 0, 0
711, -33.640, 65.190, 0, 1.000, 0.000,     0, 0, 0, 0
712, -63.190, -24.400, 0, 1.000, 0.000,     0, 0, 0, 0
713, -87.670, 81.670, 0, 1.000, 0.000,     0, 0, 0, 0
714, -117.320, 43.720, 0, 1.000, 0.000,     0, 0, 0, 0
715, 181.990, -158.020, 0, 1.000, 0.000,     0, 0, 0, 0
716, 178.130, -145.210, 0, 1.000, 0.000,     0, 0, 0, 0
717, 100.960, -60.540, 0, 1.000, 0.000,     0, 0, 0, 0
718, -82.040, -40.820, 0, 1.000, 0.000,     0, 0, 0, 0
719, 191.110, -168.860, 0, 1.000, 0.000,     0, 0, 0, 0
720, -17.330, 24.840, 0, 1.000, 0.000,     0, 0, 0, 0
721, -52.940, 62.230, 0, 1.000, 0.000,     0, 0, 0, 0
722, -61.040, 70.290, 0, 1.000, 0.000,     0, 0, 0, 0
723, 199.620, -184.850, 0, 1.000, 0.000,     0, 0, 0, 0
724, -76.120, 84.930, 0, 1.000, 0.000,     0, 0, 0, 0
725, -91.810, 2.100, 0, 1.000, 0.000,     0, 0, 0, 0
726, 202.680, -197.000, 0, 1.000, 0.000,     0, 0, 0, 0
727, 118.100, -60.920, 0, 1.000, 0.000,     0, 0, 0, 0
728, 180.800, -171.590, 0, 1.000, 0.000,     0, 0, 0, 0
729, -60.510, -39.400, 0, 1.000, 0.000,     0, 0, 0, 0
730, 101.230, -55.430, 0, 1.000, 0.000,     0, 0, 0, 0
731, -105.510, 118.750, 0, 1.000, 0.000,     0, 0, 0, 0
732, 141.770, -104.550, 0, 1.000, 0.000,     0, 0, 0, 0
733, -91.110, 99.000, 0, 1.000, 0.000,     0, 0, 0, 0
734, 212.290, -207.810, 0, 1.000, 0.000,     0, 0, 0, 0
735, -112.130, 37.140, 0, 1.000, 0.000,     0, 0, 0, 0
736, -38.060, -40.280, 0, 1.000, 0.000,     0, 0, 0, 0
737, 143.400, -96.850, 0, 1.000, 0.000,     0, 0, 0, 0
738, -55.660, -26.840, 0, 1.000, 0.000,     0, 0, 0, 0
739, 127.300, -85.590, 0, 1.000, 0.000,     0, 0, 0, 0
740, -154.240, 200.730, 0, 1.000, 0.000,     0, 0, 0, 0
741, -118.650, 39.960, 0, 1.000, 0.000,     0, 0, 0, 0
742, 137.350, -79.210, 0, 1.000, 0.000,     0, 0, 0, 0
743, 143.920, -114.360, 0, 1.000, 0.000,     0, 0, 0, 0
744, -91.140, -36.190, 0, 1.000, 0.000,     0, 0, 0, 0
745, -125.750, 187.290, 0, 1.000, 0.000,     0, 0, 0, 0
746, -52.510, 76.800, 0, 1.000, 0.000,     0, 0, 0, 0
747, -131.800, 67.520, 0, 1.000, 0.000,     0, 0, 0, 0
748, -76.230, -17.920, 0, 1.000, 0.000,     0, 0, 0, 0
749, -112.150, 114.590, 0, 1.000, 0.000,     0, 0, 0, 0
750, -59.250, 115.820, 0, 1.000, 0.000,     0, 0, 0, 0
751, -69.610, -12.140, 0, 1.000, 0.000,     0, 0, 0, 0
752, -9.010, 22.450, 0, 1.000, 0.000,     0, 0, 0, 0
753, 164.250, -141.710, 0, 1.000, 0.000,     0, 0, 0, 0
754, -106.720, 23.720, 0, 1.000, 0.000,     0, 0, 0, 0
755, -19.140, 35.400, 0, 1.000, 0.000,     0, 0, 0, 0
756, -65.410, 83.730, 0, 1.000, 0.000,     0, 0, 0, 0
757, -74.950, 101.630, 0, 1.000, 0.000,     0, 0, 0, 0
758, 99.730, -63.300, 0, 1.000, 0.000,     0, 0, 0, 0
759, -37.860, 58.320, 0, 1.000, 0.000,     0, 0, 0, 0
760, 85.310, -41.780, 0, 1.000, 0.000,     0, 0, 0, 0
761, 152.760, -114.310, 0, 1.000, 0.000,     0, 0, 0, 0
762, -116.440, 193.230, 0, 1.000, 0.000,     0, 0, 0, 0
763, 137.080, -101.830, 0, 1.000, 0.000,     0, 0, 0, 0
764, -29.990, -114.900, 0, 1.000, 0.000,     0, 0, 0, 0
765, 162.660, -132.590, 0, 1.000, 0.000,     0, 0, 0, 0
766, -59.230, 80.730, 0, 1.000, 0.000,     0, 0, 0, 0
767, -43.390, -84.430, 0, 1.000, 0.000,     0, 0, 0, 0
768, -78.160, 123.960, 0, 1.000, 0.000,     0, 0, 0, 0
769, -43.680, 52.570, 0, 1.000, 0.000,     0, 0, 0, 0
770, 146.500, -125.960, 0, 1.000, 0.000,     0, 0, 0, 0
771, -60.700, 90.080, 0, 1.000, 0.000,     0, 0, 0, 0
772, -71.420, -40.140, 0, 1.000, 0.000,     0, 0, 0, 0
773, 97.670, -64.230, 0, 1.000, 0.000,     0, 0, 0, 0
774, -138.640, 68.280, 0, 1.000, 0.000,     0, 0, 0, 0
775, -79.870, 119.400, 0, 1.000, 0.000,     0, 0, 0, 0
776, -70.350, 110.170, 0, 1.000, 0.000,     0, 0, 0, 0
777, 179.380, -129.530, 0, 1.000, 0.000,     0, 0, 0, 0
778, 166.150, -152.370, 0, 1.000, 0.000,     0, 0, 0, 0
779, -131.540, 62.850, 0, 1.000, 0.000,     0, 0, 0, 0
780, -103.640, 12.990, 0, 1.000, 0.000,     0, 0, 0, 0
781, 191.070, -172.270, 0, 1.000, 0.000,     0, 0, 0, 0
782, 149.890, -130.690, 0, 1.000, 0.000,     0, 0, 0, 0
783, -63.500, 81.920, 0, 1.000, 0.000,     0, 0, 0, 0
784, -98.480, 14.710, 0, 1.000, 0.000,     0, 0, 0, 0
785, 121.840, -73.470, 0, 1.000, 0.000,     0, 0, 0, 0
786, 156.000, -142.190, 0, 1.000, 0.000,     0, 0, 0, 0
787, -97.830, -25.630, 0, 1.000, 0.000,     0, 0, 0, 0
788, 169.830, -138.320, 0, 1.000, 0.000,     0, 0, 0, 0
789, 158.930, -139.500, 0, 1.000, 0.000,     0, 0, 0, 0
790, -130.680, 41.100, 0, 1.000, 0.000,     0, 0, 0, 0
791, 75.040, -32.950, 0, 1.000, 0.000,     0, 0, 0, 0
792, 79.520, -40.630, 0, 1.000, 0.000,     0, 0, 0, 0
793, 137.080, -113.550, 0, 1.000, 0.000,     0, 0, 0, 0
794, -3.810, -132.230, 0, 1.000, 0.000,     0, 0, 0, 0
795, 210.470, -189.610, 0, 1.000, 0.000,     0, 0, 0, 0
796, -104.510, 8.460, 0, 1.000, 0.000,     0, 0, 0, 0
797, 71.060, -65.540, 0, 1.000, 0.000,     0, 0, 0, 0
798, -84.660, -40.720, 0, 1.000, 0.000,     0, 0, 0, 0
799, 219.780, -211.110, 0, 1.000, 0.000,     0, 0, 0, 0
800, -48.900, -99.970, 0, 1.000, 0.000,     0, 0, 0, 0
801, -99.260, 8.750, 0, 1.000, 0.000,     0, 0, 0, 0
802, -110.910, 106.600, 0, 1.000, 0.000,     0, 0, 0, 0
803, 124.920, -79.600, 0, 1.000, 0.000,     0, 0, 0, 0
804, 155.750, -128.570, 0, 1.000, 0.000,     0, 0, 0, 0
805, -111.060, -10.210, 0, 1.000, 0.000,     0, 0, 0, 0
806, -43.630, 83.360, 0, 1.000, 0.000,     0, 0, 0, 0
807, 133.680, -86.220, 0, 1.000, 0.000,     0, 0, 0, 0
808, -99.300, -12.690, 0, 1.000, 0.000,     0, 0, 0, 0
809, -38.620, 61.580, 0, 1.000, 0.000,     0, 0, 0, 0
810, -101.980, 116.360, 0, 1.000, 0.000,     0, 0, 0, 0
811, 98.730, -79.060, 0, 1.000, 0.000,     0, 0, 0, 0
812, -64.020, 79.150, 0, 1.000, 0.000,     0, 0, 0, 0
813, -76.260, -26.540, 0, 1.000, 0.000,     0, 0, 0, 0
814, -109.640, 20.620, 0, 1.000, 0.000,     0, 0, 0, 0
815, -82.520, -39.980, 0, 1.000, 0.000,     0, 0, 0, 0
816, -92.240, 9.420, 0, 1.000, 0.000,     0, 0, 0, 0
817, -124.750, 38.940, 0, 1.000, 0.000,     0, 0, 0, 0
818, -128.370, 30.440, 0, 1.000, 0.000,     0, 0, 0, 0
819, 106.920, -72.130, 0, 1.000, 0.000,     0, 0, 0, 0
820, -34.460, 26.450, 0, 1.000, 0.000,     0, 0, 0, 0
821, -133.630, 42.850, 0, 1.000, 0.000,     0, 0, 0, 0
822, -22.320, -106.690, 0, 1.000, 0.000,     0, 0, 0, 0
823, 201.200, -223.140, 0, 1.000, 0.000,     0, 0, 0, 0
824, 120.920, -96.950, 0, 1.000, 0.000,     0, 0, 0, 0
825, -107.250, -36.150, 0, 1.000, 0.000,     0, 0, 0, 0
826, -157.830, 67.130, 0, 1.000, 0.000,     0, 0, 0, 0
827, 124.410, -86.950, 0, 1.000, 0.000,     0, 0, 0, 0
828, 153.160, -93.450, 0, 1.000, 0.000,     0, 0, 0, 0
829, -73.000, -47.860, 0, 1.000, 0.000,     0, 0, 0, 0
830, -27.780, 42.150, 0, 1.000, 0.000,     0, 0, 0, 0
831, 63.240, 11.700, 0, 1.000, 0.000,     0, 0, 0, 0
832, -124.290, 70.710, 0, 1.000, 0.000,     0, 0, 0, 0
833, -79.660, 2.710, 0, 1.000, 0.000,     0, 0, 0, 0
834, 148.250, -115.060, 0, 1.000, 0.000,     0, 0, 0, 0
835, -114.240, 53.920, 0, 1.000, 0.000,     0, 0, 0, 0
836, 166.740, -168.460, 0, 1.000, 0.000,     0, 0, 0, 0
837, -47.150, 75.850, 0, 1.000, 0.000,     0, 0, 0, 0
838, -54.250, -47.490, 0, 1.000, 0.000,     0, 0, 0, 0
839, -114.710, 7.520, 0, 1.000, 0.000,     0, 0, 0, 0
840, 120.000, -100.280, 0, 1.000, 0.000,     0, 0, 0, 0
841, 192.810, -183.380, 0, 1.000, 0.000,     0, 0, 0, 0
842, -48.000, 42.900, 0, 1.000, 0.000,     0, 0, 0, 0
843, 115.630, -47.240, 0, 1.000, 0.000,     0, 0, 0, 0
844, -86.940, -1.020, 0, 1.000, 0.000,     0, 0, 0, 0
845, 197.330, -179.550, 0, 1.000, 0.000,     0, 0, 0, 0
846, -49.060, -73.960, 0, 1.000, 0.000,     0, 0, 0, 0
847, -94.510, 109.800, 0, 1.000, 0.000,     0, 0, 0, 0
848, 53.210, -15.630, 0, 1.000, 0.000,     0, 0, 0, 0
849, 101.740, -69.390, 0, 1.000, 0.000,     0, 0, 0, 0
850, 55.740, -18.190, 0, 1.000, 0.000,     0, 0, 0, 0
851, 220.950, -211.450, 0, 1.000, 0.000,     0, 0, 0, 0
852, -150.690, 83.540, 0, 1.000, 0.000,     0, 0, 0, 0
853, -129.060, 54.700, 0, 1.000, 0.000,     0, 0, 0, 0
854, -57.060, -25.330, 0, 1.000, 0.000,     0, 0, 0, 0
855, -130.060, 46.460, 0, 1.000, 0.000,     0, 0, 0, 0
856, 165.190, -147.480, 0, 1.000, 0.000,     0, 0, 0, 0
857, 35.730, -33.540, 0, 1.000, 0.000,     0, 0, 0, 0
858, -35.470, 34.090, 0, 1.000, 0.000,     0, 0, 0, 0
859, -181.590, 117.760, 0, 1.000, 0.000,     0, 0, 0, 0
860, 115.260, -87.220, 0, 1.000, 0.000,     0, 0, 0, 0
861, 147.400, -102.500, 0, 1.000, 0.000,     0, 0, 0, 0
862, 159.250, -143.800, 0, 1.000, 0.000,     0, 0, 0, 0
863, 141.890, -116.420, 0, 1.000, 0.000,     0, 0, 0, 0
864, -19.780, 51.150, 0, 1.000, 0.000,     0, 0, 0, 0
865, -42.200, 82.830, 0, 1.000, 0.000,     0, 0, 0, 0
866, -25.790, 26.560, 0, 1.000, 0.000,     0, 0, 0, 0
867, 2.620, 8.960, 0, 1.000, 0.000,     0, 0, 0, 0
868, -127.270, 144.270, 0, 1.000, 0.000,     0, 0, 0, 0
869, -37.070, 58.360, 0, 1.000, 0.000,     0, 0, 0, 0
870, -16.760, 20.830, 0, 1.000, 0.000,     0, 0, 0, 0
871, 208.110, -219.900, 0, 1.000, 0.000,     0, 0, 0, 0
872, -19.430, 41.230, 0, 1.000, 0.000,     0, 0, 0, 0
873, -70.230, 96.600, 0, 1.000, 0.000,     0, 0, 0, 0
874, -106.730, 31.270, 0, 1.000, 0.000,     0, 0, 0, 0
875, -70.270, -28.620, 0, 1.000, 0.000,     0, 0, 0, 0
876, -69.850, -34.560, 0, 1.000, 0.000,     0, 0, 0, 0
877, -115.720, 156.070, 0, 1.000, 0.000,     0, 0, 0, 0
878, -62.840, -56.790, 0, 1.000, 0.000,     0, 0, 0, 0
879, -99.890, -17.340, 0, 1.000, 0.000,     0, 0, 0, 0
880, 142.890, -104.520, 0, 1.000, 0.000,     0, 0, 0, 0
881, 119.780, -80.640, 0, 1.000, 0.000,     0, 0, 0, 0
882, -68.140, 65.950, 0, 1.000, 0.000,     0, 0, 0, 0
883, 81.400, -19.860, 0, 1.000, 0.000,     0, 0, 0, 0
884, -78.600, 97.730, 0, 1.000, 0.000,     0, 0, 0, 0
885, -122.840, 186.270, 0, 1.000, 0.000,     0, 0, 0, 0
886, -72.300, 126.320, 0, 1.000, 0.000,     0, 0, 0, 0
887, -87.520, 114.200, 0, 1.000, 0.000,     0, 0, 0, 0
888, -79.310, 107.280, 0, 1.000, 0.000,     0, 0, 0, 0
889, 208.230, -190.430, 0, 1.000, 0.000,     0, 0, 0, 0
890, -66.010, 76.490, 0, 1.000, 0.000,     0, 0, 0, 0
891, 94.410, -26.280, 0, 1.000, 0.000,     0, 0, 0, 0
892, -82.290, -24.140, 0, 1.000, 0.000,     0, 0, 0, 0
893, -97.490, 149.320, 0, 1.000, 0.000,     0, 0, 0, 0
894, -27.080, 38.730, 0, 1.000, 0.000,     0, 0, 0, 0
895, 105.940, -67.410, 0, 1.000, 0.000,     0, 0, 0, 0
896, 167.690, -92.980, 0, 1.000, 0.000,     0, 0, 0, 0
897, 211.850, -219.400, 0, 1.000, 0.000,     0, 0, 0, 0
898, -134.070, 155.090, 0, 1.000, 0.000,     0, 0, 0, 0
899, -50.150, -40.450, 0, 1.000, 0.000,     0, 0, 0, 0
900, 44.010, -61.680, 0, 1.000, 0.000,     0, 0, 0, 0
901, 52.360, 25.760, 0, 1.000, 0.000,     0, 0, 0, 0
902, 125.570, 88.260, 0, 1.000, 0.000,     0, 0, 0, 0
903, 183.770, 14.830, 0, 1.000, 0.000,     0, 0, 0, 0
904, -109.740, -2.870, 0, 1.000, 0.000,     0, 0, 0, 0
905, -184.570, -46.870, 0, 1.000, 0.000,     0, 0, 0, 0
906, 34.420, 172.280, 0, 1.000, 0.000,     0, 0, 0, 0
907, 217.080, -6.870, 0, 1.000, 0.000,     0, 0, 0, 0
908, 177.130, -126.960, 0, 1.000, 0.000,     0, 0, 0, 0
909, 69.310, -129.860, 0, 1.000, 0.000,     0, 0, 0, 0
910, -170.310, -200.170, 0, 1.000, 0.000,     0, 0, 0, 0
911, -193.650, 103.880, 0, 1.000, 0.000,     0, 0, 0, 0
912, 162.040, 52.650, 0, 1.000, 0.000,     0, 0, 0, 0
913, -61.330, 165.600, 0, 1.000, 0.000,     0, 0, 0, 0
914, 127.750, 30.640, 0, 1.000, 0.000,     0, 0, 0, 0
915, 1.010, -14.190, 0, 1.000, 0.000,     0, 0, 0, 0
916, -133.250, -83.570, 0, 1.000, 0.000,     0, 0, 0, 0
917, 211.300, 45.730, 0, 1.000, 0.000,     0, 0, 0, 0
918, -58.320, 172.370, 0, 1.000, 0.000,     0, 0, 0, 0
919, 127.600, -99.300, 0, 1.000, 0.000,     0, 0, 0, 0
920, -214.470, 59.040, 0, 1.000, 0.000,     0, 0, 0, 0
921, 0.460, -197.550, 0, 1.000, 0.000,     0, 0, 0, 0
922, -66.300, -122.870, 0, 1.000, 0.000,     0, 0, 0, 0
923, -45.560, -129.410, 0, 1.000, 0.000,     0, 0, 0, 0
924, -226.380, 76.710, 0, 1.000, 0.000,     0, 0, 0, 0
925, -23.030, -196.230, 0, 1.000, 0.000,     0, 0, 0, 0
926, 195.420, 183.780, 0, 1.000, 0.000,     0, 0, 0, 0
927, -27.820, 146.400, 0, 1.000, 0.000,     0, 0, 0, 0
928, 44.110, -95.740, 0, 1.000, 0.000,     0, 0, 0, 0
929, 91.530, 95.380, 0, 1.000, 0.000,     0, 0, 0, 0
930, -192.150, 132.080, 0, 1.000, 0.000,     0, 0, 0, 0
931, -127.960, -46.820, 0, 1.000, 0.000,     0, 0, 0, 0
932, -68.660, -178.720, 0, 1.000, 0.000,     0, 0, 0, 0
933, -192.820, -183.150, 0, 1.000, 0.000,     0, 0, 0, 0
934, -203.910, -200.890, 0, 1.000, 0.000,     0, 0, 0, 0
935, 200.270, -166.430, 0, 1.000, 0.000,     0, 0, 0, 0
936, 149.040, 184.050, 0, 1.000, 0.000,     0, 0, 0, 0
937, 223.700, 12.190, 0, 1.000, 0.000,     0, 0, 0, 0
938, -94.430, -147.940, 0, 1.000, 0.000,     0, 0, 0, 0
939, 82.550, -73.110, 0, 1.000, 0.000,     0, 0, 0, 0
940, -108.180, -155.390, 0, 1.000, 0.000,     0, 0, 0, 0
941, -73.380, -212.500, 0, 1.000, 0.000,     0, 0, 0, 0
942, -126.200, 120.690, 0, 1.000, 0.000,     0, 0, 0, 0
943, -166.170, 18.550, 0, 1.000, 0.000,     0, 0, 0, 0
944, 153.990, -2.080, 0, 1.000, 0.000,     0, 0, 0, 0
945, 203.950, 99.940, 0, 1.000, 0.000,     0, 0, 0, 0
946, 159.990, 212.820, 0, 1.000, 0.000,     0, 0, 0, 0
947, 34.040, -106.460, 0, 1.000, 0.000,     0, 0, 0, 0
948, -207.450, 139.970, 0, 1.000, 0.000,     0, 0, 0, 0
949, -7.730, -150.140, 0, 1.000, 0.000,     0, 0, 0, 0
950, 72.180, 102.720, 0, 1.000, 0.000,     0, 0, 0, 0
951, 31.480, 78.820, 0, 1.000, 0.000,     0, 0, 0, 0
952, -97.110, -98.030, 0, 1.000, 0.000,     0, 0, 0, 0
953, -133.770, 104.440, 0, 1.000, 0.000,     0, 0, 0, 0
954, 184.190, 71.990, 0, 1.000, 0.000,     0, 0, 0, 0
955, 171.770, 180.510, 0, 1.000, 0.000,     0, 0, 0, 0
956, -137.240, -52.000, 0, 1.000, 0.000,     0, 0, 0, 0
957, 127.020, 206.970, 0, 1.000, 0.000,     0, 0, 0, 0
958, -54.220, 10.320, 0, 1.000, 0.000,     0, 0, 0, 0
959, -27.480, -225.550, 0, 1.000, 0.000,     0, 0, 0, 0
960, 81.800, -29.170, 0, 1.000, 0.000,     0, 0, 0, 0
961, 135.120, -95.890, 0, 1.000, 0.000,     0, 0, 0, 0
962, 226.850, -121.490, 0, 1.000, 0.000,     0, 0, 0, 0
963, 89.180, 14.010, 0, 1.000, 0.000,     0, 0, 0, 0
964, -91.850, -215.510, 0, 1.000, 0.000,     0, 0, 0, 0
965, 135.590, -229.990, 0, 1.000, 0.000,     0, 0, 0, 0
966, -40.970, 120.560, 0, 1.000, 0.000,     0, 0, 0, 0
967, -1.700, -139.520, 0, 1.000, 0.000,     0, 0, 0, 0
968, 28.440, -204.930, 0, 1.000, 0.000,     0, 0, 0, 0
969, 106.430, 72.950, 0, 1.000, 0.000,     0, 0, 0, 0
970, -87.560, 217.490, 0, 1.000, 0.000,     0, 0, 0, 0
971, -202.650, -20.840, 0, 1.000, 0.000,     0, 0, 0, 0
972, -206.350, -124.760, 0, 1.000, 0.000,     0, 0, 0, 0
973, -86.880, -95.790, 0, 1.000, 0.000,     0, 0, 0, 0
974, 123.550, -39.190, 0, 1.000, 0.000,     0, 0, 0, 0
975, -22.690, 179.580, 0, 1.000, 0.000,     0, 0, 0, 0
976, -119.640, 7.300, 0, 1.000, 0.000,     0, 0, 0, 0
977, -94.160, -62.780, 0, 1.000, 0.000,     0, 0, 0, 0
978, 110.240, -151.080, 0, 1.000, 0.000,     0, 0, 0, 0
979, -162.030, -32.800, 0, 1.000, 0.000,     0, 0, 0, 0
980, -195.390, -170.060, 0, 1.000, 0.000,     0, 0, 0, 0
981, -60.160, -227.720, 0, 1.000, 0.000,     0, 0, 0, 0
982, 171.950, 154.800, 0, 1.000, 0.000,     0, 0, 0, 0
983, -213.560, 57.170, 0, 1.000, 0.000,     0, 0, 0, 0
984, -56.830, 176.600, 0, 1.000, 0.000,     0, 0, 0, 0
985, 41.770, -206.160, 0, 1.000, 0.000,     0, 0, 0, 0
986, 34.790, -221.080, 0, 1.000, 0.000,     0, 0, 0, 0
987, 138.300, -13.280, 0, 1.000, 0.000,     0, 0, 0, 0
988, -101.230, 11.160, 0, 1.000, 0.000,     0, 0, 0, 0
989, 133.830, -51.660, 0, 1.000, 0.000,     0, 0, 0, 0
990, -27.700, -75.900, 0, 1.000, 0.000,     0, 0, 0, 0
991, -4.100, -171.640, 0, 1.000, 0.000,     0, 0, 0, 0
992, 167.220, 143.530, 0, 1.000, 0.000,     0, 0, 0, 0
993, -88.390, 179.010, 0, 1.000, 0.000,     0, 0, 0, 0
994, 22.450, 73.840, 0, 1.000, 0.000,     0, 0, 0, 0
995, 84.030, -154.880, 0, 1.000, 0.000,     0, 0, 0, 0
996, 203.620, 87.550, 0, 1.000, 0.000,     0, 0, 0, 0
997, 108.690, -23.250, 0, 1.000, 0.000,     0, 0, 0, 0
998, 185.020, 141.460, 0, 1.000, 0.000,     0, 0, 0, 0
999, -212.270, -34.710, 0, 1.000, 0.000,     0, 0, 0, 0
